{
    "query": {
      "timestamp": 1634405214,
      "base_currency": "USD"
    },
    "data": {
      "JPY": 114.25186,
      "CNY": 6.43399,
      "CHF": 0.92248,
      "CAD": 1.23754,
      "MXN": 20.34559,
      "INR": 75.01402,
      "BRL": 5.46066,
      "RUB": 70.82999,
      "KRW": 1178.17245,
      "IDR": 14070.20741,
      "TRY": 9.21762,
      "SAR": 3.75078,
      "SEK": 8.60778,
      "NGN": 409.91599,
      "PLN": 3.93137,
      "ARS": 99.08728,
      "NOK": 8.4236,
      "TWD": 27.97554,
      "IRR": 42001.25942,
      "AED": 3.67286,
      "COP": 3761.30138,
      "THB": 33.43075,
      "ZAR": 14.59456,
      "DKK": 6.41163,
      "MYR": 4.15608,
      "SGD": 1.34817,
      "ILS": 3.2205,
      "HKD": 7.77673,
      "EGP": 15.68044,
      "PHP": 50.70143,
      "CLP": 823.46615,
      "PKR": 170.79311,
      "IQD": 1458.57093,
      "DZD": 136.92232,
      "KZT": 425.63962,
      "QAR": 3.64158,
      "CZK": 21.86851,
      "PEN": 3.91965,
      "RON": 4.26389,
      "VND": 22758.34509,
      "BDT": 85.07097,
      "HUF": 309.5353,
      "UAH": 26.37072,
      "AOA": 596.85086,
      "MAD": 9.05169,
      "OMR": 0.3847,
      "CUC": 24.0005,
      "BYR": 2.00004,
      "AZN": 1.69304,
      "LKR": 201.0024,
      "SDG": 438.97062,
      "SYP": 2511.0632,
      "MMK": 1835.03795,
      "DOP": 56.20086,
      "UZS": 10689.58382,
      "KES": 110.8033,
      "GTQ": 7.72023,
      "URY": 43.90127,
      "HRV": 6.46978,
      "MOP": 8.01013,
      "ETB": 46.71053,
      "CRC": 626.10841,
      "TZS": 2300.06512,
      "TMT": 3.4901,
      "TND": 2.82154,
      "PAB": 1.00002,
      "LBP": 1505.73774,
      "RSD": 101.27132,
      "LYD": 4.545,
      "GHS": 5.98015,
      "YER": 249.70572,
      "BOB": 6.83008,
      "BHD": 0.37691,
      "CDF": 1972.43187,
      "PYG": 6898.17169,
      "UGX": 3607.09783,
      "SVC": 8.74103,
      "TTD": 6.7577,
      "AFN": 89.25108,
      "NPR": 120.41126,
      "HNL": 24.02063,
      "BIH": 1.68592,
      "BND": 1.34842,
      "ISK": 128.66354,
      "KHR": 4067.7581,
      "GEL": 3.11498,
      "MZN": 63.20154,
      "BWP": 11.16085,
      "PGK": 3.51127,
      "JMD": 149.00159,
      "XAF": 564.68071,
      "NAD": 14.64539,
      "ALL": 104.58278,
      "SSP": 175.31227,
      "MUR": 42.90117,
      "MNT": 2822.05157,
      "NIO": 35.16056,
      "LAK": 10107.70201,
      "MKD": 53.00152,
      "AMD": 476.41236,
      "MGA": 3942.06113,
      "XPF": 102.72208,
      "TJS": 11.29021,
      "HTG": 99.00113,
      "BSD": 1.00001,
      "MDL": 17.20311,
      "RWF": 1015.22252,
      "KGS": 84.80235,
      "GNF": 9646.26832,
      "SRD": 21.32648,
      "SLL": 10490.13741,
      "XOF": 562.86801,
      "MWK": 806.71881,
      "FJD": 2.08655,
      "ERN": 15.0003,
      "SZL": 14.58429,
      "GYD": 207.77453,
      "BIF": 1976.88206,
      "KYD": 0.82502,
      "MVR": 15.42029,
      "LSL": 14.58426,
      "LRD": 163.50336,
      "CVE": 95.06225,
      "DJF": 177.50473,
      "SCR": 13.45979,
      "SOS": 575.01231,
      "GMD": 52.10115,
      "KMF": 424.23437,
      "STD": 21.12058,
      "XRP": 0.88002,
      "AUD": 1.34834,
      "BGN": 1.68612,
      "BTC": 0.0161,
      "JOD": 0.70801,
      "GBP": 0.72761,
      "ETH": 0.00026,
      "EUR": 0.86212,
      "LTC": 0.01,
      "NZD": 1.41442
    }
  }